symbol,z_number,a_number,mass (amu),spin,abundance (%),half_life (year),coherent_scattering_length (fm),incoherent_scattering_length (fm),coherent_cross_section (barn),incoherent_cross_section (barn),scattering_cross_section (barn),absorption_cross_section (barn)
H,1,,1.007975,,,,(-3.739+0j),,1.7568,80.26,82.02,0.3326
H,1,1,1.007825031898,1/2(+),99.985,,(-3.7406+0j),(25.274+0j),1.7583,80.27,82.03,0.3326
H,1,2,2.014101777844,1(+),0.015,,(6.671+0j),(4.04+0j),5.592,2.05,7.64,0.000519
H,1,3,3.01604928132,1/2(+),,12.32,(4.792+0j),(-1.04+0j),2.89,0.14,3.03,
He,2,,4.002602,,,,(3.26+0j),,1.34,,1.34,0.00747
He,2,3,3.01602932197,1/2(+),0.00014,,(5.74-1.483j),(-2.5+2.568j),4.42,1.6,6.0,5333.0
He,2,4,4.00260325413,O(+),99.99986,,(3.26+0j),,1.34,,1.34,
Li,3,,6.9675,,,,(-1.9+0j),,0.454,0.92,1.37,70.5
Li,3,6,6.01512288742,1(+),7.5,,(2-0.261j),(-1.89+0.26j),0.51,0.46,0.97,940.0
Li,3,7,7.01600343426,3/2(-),92.5,,(-2.22+0j),(-2.49+0j),0.619,0.78,1.4,0.0454
Be,4,9,9.012183062,3/2(-),100.0,,(7.79+0j),(0.12+0j),7.63,0.0018,7.63,0.0076
B,5,,10.8135,,,,(5.3-0.213j),,3.54,1.7,5.24,767.0
B,5,10,10.012936862,3(+),20.0,,(-0.1-1.066j),(-4.7+1.231j),0.144,3.0,3.1,3835.0
B,5,11,11.009305166,3/2(-),80.0,,(6.65+0j),(-1.3+0j),5.56,0.21,5.77,0.0055
C,6,,12.0106,,,,(6.646+0j),,5.55,0.001,5.551,0.0035
C,6,12,12.0,0(+),98.9,,(6.6511+0j),,5.559,,5.559,0.00353
C,6,13,13.00335483534,1/2(-),1.1,,(6.19+0j),(-0.52+0j),4.81,0.034,4.84,0.00137
N,7,,14.006855,,,,(9.36+0j),,11.01,0.5,11.51,1.9
N,7,14,14.00307400425,1(+),99.63,,(9.37+0j),(2+0j),11.03,0.5,11.53,1.91
N,7,15,15.00010889827,1/2(-),0.37,,(6.44+0j),(-0.02+0j),5.21,5e-05,5.21,2.4e-05
O,8,,15.9994,,,,(5.803+0j),,4.232,,4.232,0.00019
O,8,16,15.99491461926,0(+),99.762,,(5.803+0j),,4.232,,4.232,0.0001
O,8,17,16.99913175595,5/2(+),0.038,,(5.78+0j),(0.18+0j),4.2,0.004,4.2,0.236
O,8,18,17.99915961214,O(+),0.2,,(5.84+0j),,4.29,,4.29,0.00016
F,9,19,18.99840316207,1/2(+),100.0,,(5.654+0j),(-0.082+0j),4.017,0.0008,4.018,0.0096
Ne,10,,20.1797,,,,(4.566+0j),,2.62,0.008,2.628,0.039
Ne,10,20,19.99244017525,O(+),90.51,,(4.631+0j),,2.695,,2.695,0.036
Ne,10,21,20.993846685,3/2(+),0.27,,(6.66+0j),(±0.600000+0.000000j),5.6,0.05,5.7,0.67
Ne,10,22,21.991385113,O(+),9.22,,(3.87+0j),,1.88,,1.88,0.046
Na,11,23,22.98976928195,3/2(+),100.0,,(3.63+0j),(3.59+0j),1.66,1.62,3.28,0.53
Mg,12,,24.3055,,,,(5.375+0j),,3.631,0.08,3.71,0.063
Mg,12,24,23.985041689,O(+),78.99,,(5.66+0j),,4.03,,4.03,0.05
Mg,12,25,24.985836966,5/2(+),10.0,,(3.62+0j),(1.48+0j),1.65,0.28,1.93,0.19
Mg,12,26,25.982592972,0(+),11.01,,(4.89+0j),,3.0,,3.0,0.0382
Al,13,27,26.981538408,5/2(+),100.0,,(3.449+0j),(0.256+0j),1.495,0.0082,1.503,0.231
Si,14,,28.085,,,,(4.1491+0j),,2.1633,0.004,2.167,0.171
Si,14,28,27.97692653442,O(+),92.23,,(4.107+0j),,2.12,,2.12,0.177
Si,14,29,28.97649466434,1/2(+),4.67,,(4.7+0j),(0.09+0j),2.78,0.001,2.78,0.101
Si,14,30,29.973770137,0(+),3.1,,(4.58+0j),,2.64,,2.64,0.107
P,15,31,30.97376199768,1/2(+),100.0,,(5.13+0j),(0.2+0j),3.307,0.005,3.312,0.172
S,16,,32.0675,,,,(2.847+0j),,1.0186,0.007,1.026,0.53
S,16,32,31.97207117354,O(+),95.02,,(2.804+0j),,0.988,,0.988,0.54
S,16,33,32.97145890862,3/2(+),0.75,,(4.74+0j),(1.5+0j),2.8,0.3,3.1,0.54
S,16,34,33.967867011,O(+),4.21,,(3.48+0j),,1.52,,1.52,0.227
S,16,36,35.967080692,O(+),0.02,,(3+0j),,1.1,,1.1,0.15
Cl,17,,35.4515,,,,(9.577+0j),,11.526,5.3,16.8,33.5
Cl,17,35,34.968852694,3/2(+),75.77,,(11.65+0j),(6.1+0j),17.06,4.7,21.8,44.1
Cl,17,37,36.965902573,3/2(+),24.23,,(3.08+0j),(0.1+0j),1.19,0.001,1.19,0.433
Ar,18,,39.8775,,,,(1.909+0j),,0.458,0.225,0.683,0.675
Ar,18,36,35.967545106,O(+),0.337,,(24.9+0j),,77.9,,77.9,5.2
Ar,18,38,37.962732102,O(+),0.063,,(3.5+0j),,1.5,,1.5,0.8
Ar,18,40,39.96238312204,O(+),99.6,,(1.83+0j),,0.421,,0.421,0.66
K,19,,39.0983,,,,(3.67+0j),,1.69,0.27,1.96,2.1
K,19,39,38.96370648482,3/2(+),93.258,,(3.74+0j),(1.4+0j),1.76,0.25,2.01,2.1
K,19,40,39.963998165,4(-),0.012,,(3+0j),,1.1,0.5,1.6,35.0
K,19,41,40.96182525611,3/2(+),6.73,,(2.69+0j),(1.5+0j),0.91,0.3,1.2,1.46
Ca,20,,40.078,,,,(4.7+0j),,2.78,0.05,2.83,0.43
Ca,20,40,39.96259085,O(+),96.941,,(4.8+0j),,2.9,,2.9,0.41
Ca,20,42,41.95861778,O(+),0.647,,(3.36+0j),,1.42,,1.42,0.68
Ca,20,43,42.958766381,7/2(-),0.135,,(-1.56+0j),,0.31,0.5,0.8,6.2
Ca,20,44,43.955481489,O(+),2.086,,(1.42+0j),,0.25,,0.25,0.88
Ca,20,46,45.953687726,O(+),0.004,,(3.6+0j),,1.6,,1.6,0.74
Ca,20,48,47.952522654,O(+),0.187,,(0.39+0j),,0.019,,0.019,1.09
Sc,21,45,44.955907051,7/2(-),100.0,,(12.29+0j),(-6+0j),19.0,4.5,23.5,27.5
Ti,22,,47.867,,,,(-3.438+0j),,1.485,2.87,4.35,6.09
Ti,22,46,45.952626356,O(+),8.2,,(4.93+0j),,3.05,,3.05,0.59
Ti,22,47,46.951757491,5/2(-),7.4,,(3.63+0j),(-3.5+0j),1.66,1.5,3.2,1.7
Ti,22,48,47.947940677,O(+),73.8,,(-6.08+0j),,4.65,,4.65,7.84
Ti,22,49,48.947864391,7/2(-),5.4,,(1.04+0j),(5.1+0j),0.14,3.3,3.4,2.2
Ti,22,50,49.944785622,0(+),5.2,,(6.18+0j),,4.8,,4.8,0.179
V,23,,50.9415,,,,(-0.3824+0j),,0.01838,5.08,5.1,5.08
V,23,50,49.947156681,6(+),0.25,,(7.6+0j),,7.3,0.5,7.8,60.0
V,23,51,50.943957664,7/2(-),99.75,,(-0.402+0j),(6.35+0j),0.0203,5.07,5.09,4.9
Cr,24,,51.9961,,,,(3.635+0j),,1.66,1.83,3.49,3.05
Cr,24,50,49.946042209,0(+),4.35,,(-4.5+0j),,2.54,,2.54,15.8
Cr,24,52,51.940504714,0(+),83.79,,(4.92+0j),,3.042,,3.042,0.76
Cr,24,53,52.940646304,3/2(-),9.5,,(-4.2+0j),(6.87+0j),2.22,5.93,8.15,18.1
Cr,24,54,53.938877359,O(+),2.36,,(4.55+0j),,2.6,,2.6,0.36
Mn,25,55,54.93804304,5/2(-),100.0,,(-3.73+0j),(1.79+0j),1.75,0.4,2.15,13.3
Fe,26,,55.845,,,,(9.45+0j),,11.22,0.4,11.62,2.56
Fe,26,54,53.939608189,0(+),5.8,,(4.2+0j),,2.2,,2.2,2.25
Fe,26,56,55.934935537,0(+),91.7,,(9.94+0j),,12.42,,12.42,2.59
Fe,26,57,56.93539195,1/2(-),2.2,,(2.3+0j),,0.66,0.3,1.0,2.48
Fe,26,58,57.933273575,O(+),0.3,,(15+0j),,28.0,,28.0,1.28
Co,27,59,58.933193524,7/{-),100.0,,(2.49+0j),(-6.2+0j),0.779,4.8,5.6,37.18
Ni,28,,58.6934,,,,(10.3+0j),,13.3,5.2,18.5,4.49
Ni,28,58,57.93534165,0(+),68.27,,(14.4+0j),,26.1,,26.1,4.6
Ni,28,60,59.930785129,O(+),26.1,,(2.8+0j),,0.99,,0.99,2.9
Ni,28,61,60.931054819,3/2(-),1.13,,(7.6+0j),(±3.900000+0.000000j),7.26,1.9,9.2,2.5
Ni,28,62,61.928344753,O(+),3.59,,(-8.7+0j),,9.5,,9.5,14.5
Ni,28,64,63.927966228,O(+),0.91,,(-0.37+0j),,0.017,,0.017,1.52
Cu,29,,63.546,,,,(7.718+0j),,7.485,0.55,8.03,3.78
Cu,29,63,62.929597119,3/2(-),69.17,,(6.43+0j),(0.22+0j),5.2,0.006,5.2,4.5
Cu,29,65,64.927789476,3/2(-),30.83,,(10.61+0j),(1.79+0j),14.1,0.4,14.5,2.17
Zn,30,,65.38,,,,(5.68+0j),,4.054,0.077,4.131,1.11
Zn,30,64,63.929141776,O(+),48.6,,(5.22+0j),,3.42,,3.42,0.93
Zn,30,66,65.926033639,0(+),27.9,,(5.97+0j),,4.48,,4.48,0.62
Zn,30,67,66.927127422,5/2(-),4.1,,(7.56+0j),(-1.5+0j),7.18,0.28,7.46,6.8
Zn,30,68,67.924844232,O(+),18.8,,(6.03+0j),,4.57,,4.57,1.1
Zn,30,70,69.925319175,0(+),0.6,,(6+0j),,4.5,,4.5,0.092
Ga,31,,69.723,,,,(7.288+0j),,6.675,0.16,6.83,2.75
Ga,31,69,68.925573528,3/2(-),60.1,,(7.88+0j),(-0.85+0j),7.8,0.091,7.89,2.18
Ga,31,71,70.924702554,3/2(-),39.9,,(6.4+0j),(-0.82+0j),5.15,0.084,5.23,3.61
Ge,32,,72.63,,,,(8.185+0j),,8.42,0.18,8.6,2.2
Ge,32,70,69.924248542,O(+),20.5,,(10+0j),,12.6,,12.6,3.0
Ge,32,72,71.922075824,0(+),27.4,,(8.51+0j),,9.1,,9.1,0.8
Ge,32,73,72.923458954,9/2(+),7.8,,(5.02+0j),(3.4+0j),3.17,1.5,4.7,15.1
Ge,32,74,73.92117776,0(+),36.5,,(7.58+0j),,7.2,,7.2,0.4
Ge,32,76,75.921402725,0(+),7.8,,(8.2+0j),,8.0,,8.0,0.16
As,33,75,74.921594562,3/2(-),100.0,,(6.58+0j),(-0.69+0j),5.44,0.06,5.5,4.5
Se,34,,78.971,,,,(7.97+0j),,7.98,0.32,8.3,11.7
Se,34,74,73.922475933,O(+),0.9,,(0.8+0j),,0.1,,0.1,51.8
Se,34,76,75.919213702,O(+),9.0,,(12.2+0j),,18.7,,18.7,85.0
Se,34,77,76.91991415,4/2(-),7.6,,(8.25+0j),(±0.600000+0.000000j),8.6,0.05,8.65,42.0
Se,34,78,77.917309244,0(+),23.5,,(8.24+0j),,8.5,,8.5,0.43
Se,34,80,79.916521761,O(+),49.6,,(7.48+0j),,7.03,,7.03,0.61
Se,34,82,81.916699531,O(+),9.4,,(6.34+0j),,5.05,,5.05,0.044
Br,35,,79.904,,,,(6.795+0j),,5.8,0.1,5.9,6.9
Br,35,79,78.918337574,3/2(-),50.69,,(6.8+0j),(-1.1+0j),5.81,0.15,5.96,11.0
Br,35,81,80.916288197,3/2(-),49.31,,(6.79+0j),(0.6+0j),5.79,0.05,5.84,2.7
Kr,36,,83.798,,,,(7.81+0j),,7.67,0.01,7.68,25.0
Kr,36,78,77.920366341,O(+),0.35,,,,,,,6.4
Kr,36,80,79.91637794,O(+),2.25,,,,,,,11.8
Kr,36,82,81.91348115368,O(+),11.6,,,,,,,29.0
Kr,36,83,82.914126516,9/2(+),11.5,,,,,,,185.0
Kr,36,84,83.91149772708,O(+),57.0,,,,,,,0.113
Kr,36,86,85.91061062468,O(+),17.3,,(8.1+0j),,8.2,,8.2,0.003
Rb,37,,85.4678,,,,(7.09+0j),,6.32,0.5,6.8,0.38
Rb,37,85,84.91178973604,5/2(-),72.17,,(7.03+0j),,6.2,0.5,6.7,0.48
Rb,37,87,86.909180529,3/2(-),27.83,,(7.23+0j),,6.6,0.5,7.1,0.12
Sr,38,,87.62,,,,(7.02+0j),,6.19,0.06,6.25,1.28
Sr,38,84,83.913419118,O(+),0.56,,(7+0j),,6.0,,6.0,0.87
Sr,38,86,85.90926072473,O(+),9.86,,(5.67+0j),,4.04,,4.04,1.04
Sr,38,87,86.90887749454,9/2(+),7.0,,(7.4+0j),,6.88,0.5,7.4,16.0
Sr,38,88,87.905612253,O(+),82.58,,(7.15+0j),,6.42,,6.42,0.058
Y,39,89,88.905838156,1/2(-),100.0,,(7.75+0j),(1.1+0j),7.55,0.15,7.7,1.28
Zr,40,,91.222,,,,(7.16+0j),,6.44,0.02,6.46,0.185
Zr,40,90,89.904698755,O(+),51.45,,(6.4+0j),,5.1,,5.1,0.011
Zr,40,91,90.905640205,5/2(+),11.32,,(8.7+0j),(-1.08+0j),9.5,0.15,9.7,1.17
Zr,40,92,91.905035336,O(+),17.19,,(7.4+0j),,6.9,,6.9,0.22
Zr,40,94,93.906312523,O(+),17.28,,(8.2+0j),,8.4,,8.4,0.0499
Zr,40,96,95.908277615,O(+),2.76,,(5.5+0j),,3.8,,3.8,0.0229
Nb,41,93,92.90637317,9/2(+),100.0,,(7.054+0j),(-0.139+0j),6.253,0.0024,6.255,1.15
Mo,42,,95.95,,,,(6.715+0j),,5.67,0.04,5.71,2.48
Mo,42,92,91.906807153,O(+),14.84,,(6.91+0j),,6.0,,6.0,0.019
Mo,42,94,93.905083586,O(+),9.25,,(6.8+0j),,5.81,,5.81,0.015
Mo,42,95,94.905837436,5/2(+),15.92,,(6.91+0j),,6.0,0.5,6.5,13.1
Mo,42,96,95.90467477,O(+),16.68,,(6.2+0j),,4.83,,4.83,0.5
Mo,42,97,96.906016903,5/2(+),9.55,,(7.24+0j),,6.59,0.5,7.1,2.5
Mo,42,98,97.905403609,O(+),24.13,,(6.58+0j),,5.44,,5.44,0.127
Mo,42,100,99.907467982,O(+),9.63,,(6.73+0j),,5.69,,5.69,0.4
Tc,43,99,98.906249681,9/2(+),,213000.0,(6.8+0j),,5.8,0.5,6.3,20.0
Ru,44,,101.07,,,,(7.03+0j),,6.21,0.4,6.6,2.56
Ru,44,96,95.90758891,O(+),5.5,,,,,,,0.28
Ru,44,98,97.905286709,O(+),1.9,,,,,,,<8.000000
Ru,44,99,98.905930284,5/2(+),12.7,,,,,,,6.9
Ru,44,100,99.90421046,O(+),12.6,,,,,,,4.8
Ru,44,101,100.905573086,5/2(+),17.0,,,,,,,3.3
Ru,44,102,101.904340312,O(+),31.6,,,,,,,1.17
Ru,44,104,103.905425312,O(+),18.7,,,,,,,0.31
Rh,45,,102.90549,,,,(5.88+0j),,4.34,0.3,4.6,144.8
Pd,46,,106.42,,,,(5.91+0j),,4.39,0.093,4.48,6.9
Pd,46,102,101.905632292,0(+),1.02,,(7.7+0j),,7.5,,7.5,3.4
Pd,46,104,103.904030393,0(+),11.14,,(7.7+0j),,7.5,,7.5,0.6
Pd,46,105,104.905079479,-5/2(+),22.33,,(5.5+0j),(-2.6+0j),3.8,0.8,4.6,20.0
Pd,46,106,105.903480287,0(+),27.33,,(6.4+0j),,5.1,,5.1,0.304
Pd,46,108,107.903891806,0(+),26.46,,(4.1+0j),,2.1,,2.1,8.5
Pd,46,110,109.905172878,0(+),11.72,,(7.7+0j),,7.5,,7.5,0.226
Ag,47,,107.8682,,,,(5.922+0j),,4.407,0.58,4.99,63.3
Ag,47,107,106.905091509,1/2(-),51.83,,(7.555+0j),(1+0j),7.17,0.13,7.3,37.6
Ag,47,109,108.904755778,1/2(-),48.17,,(4.165+0j),(-1.6+0j),2.18,0.32,2.5,91.0
Cd,48,,112.414,,,,(4.87-0.7j),,3.04,3.46,6.5,2520.0
Cd,48,106,105.906459791,0(+),1.25,,(5+0j),,3.1,,3.1,1.0
Cd,48,108,107.904183588,0(+),0.89,,(5.4+0j),,3.7,,3.7,1.1
Cd,48,110,109.90300747,0(+),12.51,,(5.9+0j),,4.4,,4.4,11.0
Cd,48,111,110.904183776,1/2(+),12.81,,(6.5+0j),,5.3,0.3,5.6,24.0
Cd,48,112,111.902763896,0(+),24.13,,(6.4+0j),,5.1,,5.1,2.2
Cd,48,113,112.904408105,1/2(+),12.22,,(-8-5.73j),,12.1,0.3,12.4,20600.0
Cd,48,114,113.903364998,0(+),28.72,,(7.5+0j),,7.1,,7.1,0.34
Cd,48,116,115.90476323,0(+),7.47,,(6.3+0j),,5.0,,5.0,0.075
In,49,,114.818,,,,(4.065-0.0539j),,2.08,0.54,2.62,193.8
In,49,113,112.904060451,9/2(+),4.3,,(5.39+0j),(±0.017000+0.000000j),3.65,3.7e-05,3.65,12.0
In,49,115,114.903878772,9/2(+),95.7,,(4.01-0.0562j),(-2.1+0j),2.02,0.55,2.57,202.0
Sn,50,,118.71,,,,(6.225+0j),,4.87,0.022,4.892,0.626
Sn,50,112,111.904824894,0(+),1.0,,(6+0j),,4.5,,4.5,1.0
Sn,50,114,113.90278013,0(+),0.7,,(6.2+0j),,4.8,,4.8,0.114
Sn,50,115,114.903344695,1/2(+),0.4,,(6+0j),,4.5,0.3,4.8,30.0
Sn,50,116,115.901742825,0(+),14.7,,(5.93+0j),,4.42,,4.42,0.14
Sn,50,117,116.902954036,1/2(+),7.7,,(6.48+0j),,5.28,0.3,5.6,2.3
Sn,50,118,117.90160663,0(+),24.3,,(6.07+0j),,4.63,,4.63,0.22
Sn,50,119,118.903311266,1/2(+),8.6,,(6.12+0j),,4.71,0.3,5.0,2.2
Sn,50,120,119.902202557,0(+),32.4,,(6.49+0j),,5.29,,5.29,0.14
Sn,50,122,121.903445494,0(+),4.6,,(5.74+0j),,4.14,,4.14,0.18
Sn,50,124,123.905279619,0(+),5.6,,(5.97+0j),,4.48,,4.48,0.133
Sb,51,,121.76,,,,(5.57+0j),,3.9,,3.9,4.91
Sb,51,121,120.903811353,5/2(+),57.3,,(5.71+0j),(-0.05+0j),4.1,0.0003,4.1,5.75
Sb,51,123,122.904215292,7/2(+),42.7,,(5.38+0j),(-0.1+0j),3.64,0.001,3.64,3.8
Te,52,,127.6,,,,(5.8+0j),,4.23,0.09,4.32,4.7
Te,52,120,119.904065779,0(+),0.096,,(5.3+0j),,3.5,,3.5,2.3
Te,52,122,121.903044708,0(+),2.6,,(3.8+0j),,1.8,,1.8,3.4
Te,52,123,122.904271022,1/2(+),0.908,,(-0.05-0.116j),(-2.04+0j),0.002,0.52,0.52,418.0
Te,52,124,123.902818341,0(+),4.816,,(7.96+0j),,8.0,,8.0,6.8
Te,52,125,124.904431178,1/2(+),7.14,,(5.02+0j),(-0.26+0j),3.17,0.008,3.18,1.55
Te,52,126,125.903312144,00(+),18.95,,(5.56+0j),,3.88,,3.88,1.04
Te,52,128,127.904461237,0(+),31.69,,(5.89+0j),,4.36,,4.36,0.215
Te,52,130,129.906222745,0(+),33.8,,(6.02+0j),,4.55,,4.55,0.29
I,53,127,126.904472592,5/2(+),100.0,,(5.28+0j),(1.58+0j),3.5,0.31,3.81,6.15
Xe,54,,131.293,,,,(4.92+0j),,3.04,,,23.9
Xe,54,124,123.905885174,0(+),0.1,,,,,,,165.0
Xe,54,126,125.904297422,0(+),0.09,,,,,,,3.5
Xe,54,128,127.90353075341,0(+),1.91,,,,,,,<8.000000
Xe,54,129,128.90478085742,1/2(+),26.4,,,,,,,21.0
Xe,54,130,129.903509346,0(+),4.1,,,,,,,<26.000000
Xe,54,131,130.90508412808,3/2(+),21.2,,,,,,,85.0
Xe,54,132,131.90415508346,0(+),26.9,,,,,,,0.45
Xe,54,134,133.90539303,0(+),10.4,,,,,,,0.265
Xe,54,136,135.907214474,0(+),8.9,,,,,,,0.25
Cs,55,133,132.905451958,7/2(+),100.0,,(5.42+0j),(1.29+0j),3.69,0.21,3.9,29.0
Ba,56,,137.327,,,,(5.07+0j),,3.23,0.15,3.38,1.1
Ba,56,130,129.906326002,0(+),0.11,,(-3.6+0j),,1.6,,1.6,30.0
Ba,56,132,131.905061231,0(+),0.1,,(7.8+0j),,7.6,,7.6,7.0
Ba,56,134,133.904508249,0(+),2.42,,(5.7+0j),,4.08,,4.08,2.0
Ba,56,135,134.905688447,3/2(+),6.59,,(4.67+0j),,2.74,0.5,3.2,5.8
Ba,56,136,135.9045758,0(+),7.85,,(4.91+0j),,3.03,,3.03,0.68
Ba,56,137,136.905827207,3/2(+),11.23,,(6.83+0j),,5.86,0.5,6.4,3.6
Ba,56,138,137.905247059,0(+),71.7,,(4.84+0j),,2.94,,2.94,0.27
La,57,,138.90547,,,,(8.24+0j),,8.53,1.13,9.66,8.97
La,57,138,137.907124041,5(+),0.09,,(8+0j),,8.0,0.5,8.5,57.0
La,57,139,138.906362927,7/2(+),99.91,,(8.24+0j),(3+0j),8.53,1.13,9.66,8.93
Ce,58,,140.116,,,,(4.84+0j),,2.94,,2.94,0.63
Ce,58,136,135.907129256,0(+),0.19,,(5.8+0j),,4.23,,4.23,7.3
Ce,58,138,137.90599418,0(+),0.25,,(6.7+0j),,5.64,,5.64,1.1
Ce,58,140,139.905448433,0(+),88.48,,(4.84+0j),,2.94,,2.94,0.57
Ce,58,142,141.909250208,0(+),11.08,,(4.75+0j),,2.84,,2.84,0.95
Pr,59,141,140.907659604,5/2(+),100.0,,(4.58+0j),(-0.35+0j),2.64,0.015,2.66,11.5
Nd,60,,144.242,,,,(7.69+0j),,7.43,9.2,16.6,50.5
Nd,60,142,141.907728824,0(+),27.16,,(7.7+0j),,7.5,,7.5,18.7
Nd,60,143,142.909819815,7/2(-),12.18,,(14+0j),(±21.000000+0.000000j),25.0,55.0,80.0,334.0
Nd,60,144,143.910092798,0(+),23.8,,(2.8+0j),,1.0,,1.0,3.6
Nd,60,145,144.912579151,7/2(-),8.29,,(14+0j),,25.0,5.0,30.0,42.0
Nd,60,146,145.913122459,0(+),17.19,,(8.7+0j),,9.5,,9.5,1.4
Nd,60,148,147.916899027,0(+),5.75,,(5.7+0j),,4.1,,4.1,2.5
Nd,60,150,149.920901322,0(+),5.63,,(5.3+0j),,3.5,,3.5,1.2
Pm,61,147,146.915144944,7/2(+),,2.62,(12.6+0j),(±3.200000+0.000000j),20.0,1.3,21.3,168.4
Sm,62,,150.36,,,,(0.8-1.65j),,0.422,39.0,39.0,5922.0
Sm,62,144,143.912006285,0(+),3.1,,(-3+0j),,1.0,,1.0,0.7
Sm,62,147,146.914904401,7/2(-),15.1,,(14+0j),(±11.000000+0.000000j),25.0,14.0,39.0,57.0
Sm,62,148,147.914829233,0(+),11.3,,(-3+0j),,1.0,,1.0,2.4
Sm,62,149,148.917191211,7/2(-),13.9,,(-19.2-11.7j),(±31.400000-10.300000j),63.5,137.0,200.0,42080.0
Sm,62,150,149.917281993,0(+),74.0,,(14+0j),,25.0,,25.0,104.0
Sm,62,152,151.919738646,0(+),26.6,,(-5+0j),,3.1,,3.1,206.0
Sm,62,154,153.922215756,0(+),22.6,,(9.3+0j),,11.0,,11.0,8.4
Eu,63,,151.964,,,,(7.22-1.26j),,6.75,2.5,9.2,4530.0
Eu,63,151,150.919856606,5/2(+),47.8,,(6.13-2.53j),(±4.500000-2.140000j),5.5,3.1,8.6,9100.0
Eu,63,153,152.921236789,5/2(+),52.2,,(8.22+0j),(±3.200000+0.000000j),8.5,1.3,9.8,312.0
Gd,64,,157.249,,,,(6.5-13.82j),,29.3,151.0,180.0,49700.0
Gd,64,152,151.919798414,(+),0.2,,(10+0j),,13.0,,13.0,735.0
Gd,64,154,153.920872974,(+),24.0,,(10+0j),,13.0,,13.0,85.0
Gd,64,155,154.922629356,3/2(-),14.8,,(6-17j),(±5.000000-13.160000j),40.8,25.0,66.0,61100.0
Gd,64,156,155.92213012,(+),20.6,,(6.3+0j),,5.0,,5.0,1.5
Gd,64,157,156.923967424,3/2(-),15.7,,(-1.14-71.9j),(±5.000000-55.800000j),650.0,394.0,1044.0,259000.0
Gd,64,158,157.9241112,0(+),24.8,,(9+0j),,10.0,,10.0,2.2
Gd,64,160,159.927061202,(+),21.8,,(9.15+0j),,10.52,,10.52,0.77
Tb,65,159,158.925353707,3/2(+),100.0,,(7.38+0j),(-0.17+0j),6.84,0.004,6.84,23.4
Dy,66,,162.5,,,,(16.9-0.276j),,35.9,54.4,90.3,994.0
Dy,66,156,155.924283593,(+),0.06,,(6.1+0j),,4.7,,4.7,33.0
Dy,66,158,157.924414817,(+),0.1,,(6+0j),,5.0,,5.0,43.0
Dy,66,160,159.925203578,(+),2.34,,(6.7+0j),,5.6,,5.6,56.0
Dy,66,161,160.926939425,5/2(+),19.0,,(10.3+0j),(±4.900000+0.000000j),13.3,3.0,16.0,600.0
Dy,66,162,161.926804507,(+),25.5,,(-1.4+0j),,0.25,,0.25,194.0
Dy,66,163,162.928737221,5/2(-),24.9,,(5+0j),(1.3+0j),3.1,0.21,3.3,124.0
Dy,66,164,163.929180819,0(+),28.1,,(49.4-0.79j),,307.0,,307.0,2840.0
Ho,67,165,164.930329116,7/2(-),100.0,,(8.01+0j),(-1.7+0j),8.06,0.36,8.42,64.7
Er,68,,167.259,,,,(7.79+0j),,7.63,1.1,8.7,159.0
Er,68,162,161.928787299,(+),0.14,,(8.8+0j),,9.7,,9.7,19.0
Er,68,164,163.929207739,(+),1.56,,(8.2+0j),,8.4,,8.4,13.0
Er,68,166,165.930301067,(+),33.4,,(10.6+0j),,14.1,,14.1,19.6
Er,68,167,166.932056192,7/2(+),22.9,,(3+0j),(1+0j),1.1,0.13,1.2,659.0
Er,68,168,167.932378282,(4),27.1,,(7.4+0j),,6.9,,6.9,2.74
Er,68,170,169.935471933,0(+),14.9,,(9.6+0j),,11.6,,11.6,5.8
Tm,69,169,168.934218956,1/2(+),100.0,,(7.07+0j),(0.9+0j),6.28,0.1,6.38,100.0
Yb,70,,173.045,,,,(12.43+0j),,19.42,4.0,23.4,34.8
Yb,70,168,167.933891297,(+),0.14,,(-4.07-0.62j),,2.13,,2.13,2230.0
Yb,70,170,169.934767242,(+),3.06,,(6.77+0j),,5.8,,5.8,11.4
Yb,70,171,170.936331515,1/2(-),14.3,,(9.66+0j),(-5.59+0j),11.7,3.9,15.6,48.6
Yb,70,172,171.936386654,0(+),21.9,,(9.43+0j),,11.2,,11.2,0.8
Yb,70,173,172.938216211,5/2(-),16.1,,(9.56+0j),(-5.3+0j),11.5,3.5,15.0,17.1
Yb,70,174,173.938867545,0(+),31.8,,(19.3+0j),,46.8,,46.8,69.4
Yb,70,176,175.942574706,(+),12.7,,(8.72+0j),,9.6,,9.6,2.85
Lu,71,,174.96669,,,,(7.21+0j),,6.53,0.7,7.2,74.0
Lu,71,175,174.940777211,7/2(+),97.39,,(7.24+0j),(±2.200000+0.000000j),6.59,0.6,7.2,21.0
Lu,71,176,175.942691711,7(-),2.61,,(6.1-0.57j),(±3.000000+0.610000j),4.7,1.2,5.9,2065.0
Hf,72,,178.486,,,,(7.77+0j),,7.6,2.6,10.2,104.1
Hf,72,174,173.940048377,0(+),0.2,,(10.9+0j),,15.0,,15.0,561.0
Hf,72,176,175.941409797,0(+),5.2,,(6.61+0j),,5.5,,5.5,23.5
Hf,72,177,176.943230187,7/2(-),18.6,,(0.8+0j),(±0.900000+0.000000j),0.1,0.1,0.2,373.0
Hf,72,178,177.943708322,0(+),27.1,,(5.9+0j),,4.4,,4.4,84.0
Hf,72,179,178.945825705,9/2(+),13.7,,(7.46+0j),(±1.060000+0.000000j),7.0,0.14,7.1,41.0
Hf,72,180,179.946559537,0(+),35.2,,(13.2+0j),,21.9,,21.9,13.04
Ta,73,,180.94788,,,,(6.91+0j),,6.0,0.01,6.01,20.6
Ta,73,180,179.947467589,9(-),0.012,,(7+0j),,6.2,0.5,7.0,563.0
Ta,73,181,180.947998528,7/2(+),99.988,,(6.91+0j),(-0.29+0j),6.0,0.011,6.01,20.5
W,74,,183.84,,,,(4.86+0j),,2.97,1.63,4.6,18.3
W,74,180,179.946713304,0(+),0.1,,(5+0j),,3.0,,3.0,30.0
W,74,182,181.948205636,0(+),26.3,,(6.97+0j),,6.1,,6.1,20.7
W,74,183,182.950224416,1/2(-),14.3,,(6.53+0j),,5.36,0.3,5.7,10.1
W,74,184,183.95093318,0(+),30.7,,(7.48+0j),,7.03,,7.03,1.7
W,74,186,185.95436514,0(+),28.6,,(-0.72+0j),,0.065,,0.065,37.9
Re,75,,186.207,,,,(9.2+0j),,10.6,0.9,11.5,89.7
Re,75,185,184.95295832,-5/2(+),37.4,,(9+0j),(±2.000000+0.000000j),10.2,0.5,10.7,112.0
Re,75,187,186.955752217,5/2(+),62.6,,(9.3+0j),(±2.800000+0.000000j),10.9,1.0,11.9,76.4
Os,76,,190.23,,,,(10.7+0j),,14.4,0.3,14.7,16.0
Os,76,184,183.952492919,0(+),0.02,,(10+0j),,13.0,,13.0,3000.0
Os,76,186,185.953837569,0(+),1.58,,(11.6+0j),,17.0,,17.0,80.0
Os,76,187,186.955749569,1/2(-),1.6,,(10+0j),,13.0,0.3,13.0,320.0
Os,76,188,187.955837292,0(+),13.3,,(7.6+0j),,7.3,,7.3,4.7
Os,76,189,188.958145949,3/2(-),16.1,,(10.7+0j),,14.4,0.5,14.9,25.0
Os,76,190,189.958445442,0(+),26.4,,(11+0j),,15.2,,15.2,13.1
Os,76,192,191.961478765,0(+),41.0,,(11.5+0j),,16.6,,16.6,2.0
Ir,77,,192.217,,,,(10.6+0j),,14.1,,14.0,425.0
Ir,77,191,190.960591455,3/2(+),37.3,,,,,,,954.0
Ir,77,193,192.962923753,3/2(+),62.7,,,,,,,111.0
Pt,78,,195.084,,,,(9.6+0j),,11.58,0.13,11.71,10.3
Pt,78,190,189.959949823,0(+),0.01,,(9+0j),,10.0,,10.0,152.0
Pt,78,192,191.961042667,0(+),0.79,,(9.9+0j),,12.3,,12.3,10.0
Pt,78,194,193.962683498,0(+),32.9,,(10.55+0j),,14.0,,14.0,1.44
Pt,78,195,194.964794325,1/2(-),33.8,,(8.83+0j),(-1+0j),9.8,0.13,9.9,27.5
Pt,78,196,195.964954648,0(+),25.3,,(9.89+0j),,12.3,,12.3,0.72
Pt,78,198,197.967896718,0(+),7.2,,(7.8+0j),,7.6,,7.6,3.66
Au,79,197,196.966570103,3/2(+),100.0,,(7.63+0j),(-1.84+0j),7.32,0.43,7.75,98.65
Hg,80,,200.592,,,,(12.692+0j),,20.24,6.6,26.8,372.3
Hg,80,196,195.965833445,0(+),0.2,,(30.3+0j),,115.0,,115.0,3080.0
Hg,80,198,197.966769177,0(+),10.1,,,,,,,2.0
Hg,80,199,198.968280994,1/2(+),17.0,,(16.9+0j),(±15.500000+0.000000j),36.0,30.0,66.0,2150.0
Hg,80,200,199.968326941,0(+),23.1,,,,,,,<60.000000
Hg,80,201,200.970303054,3/2(-),13.2,,,,,,,7.8
Hg,80,202,201.970643604,0(+),29.6,,,,,,,4.89
Hg,80,204,203.973494037,0(+),6.8,,,,,,,0.43
Tl,81,,204.3835,,,,(8.776+0j),,9.678,0.21,9.89,3.43
Tl,81,203,202.972344098,1/2(+),29.524,,(6.99+0j),(1.06+0j),6.14,0.14,6.28,11.4
Tl,81,205,204.974427318,1/2(+),70.476,,(9.52+0j),(-0.242+0j),11.39,0.007,11.4,0.104
Pb,82,,207.04,,,,(9.405+0j),,11.115,0.003,11.118,0.171
Pb,82,204,203.973043506,0(+),1.4,,(9.9+0j),,12.3,,12.3,0.65
Pb,82,206,205.97446521,0(+),24.1,,(9.22+0j),,10.68,,10.68,0.03
Pb,82,207,206.975896821,1/2(-),22.1,,(9.28+0j),(0.14+0j),10.82,0.002,10.82,0.699
Pb,82,208,207.976652005,0(+),52.4,,(9.5+0j),,11.34,,11.34,0.00048
Bi,83,209,208.980398599,9/2(-),100.0,,(8.532+0j),(0.259+0j),9.148,0.0084,9.156,0.0338
Ra,88,226,226.025408186,0(+),,1600.0,(10+0j),,13.0,,13.0,12.8
Ac,89,,,,,,,,,,,
Th,90,232,232.038053606,0(+),100.0,,(10.31+0j),,13.36,,13.36,7.37
Pa,91,231,231.0358825,3/2(-),,32800.0,(9.1+0j),,10.4,0.1,10.5,200.6
U,92,,238.02891,,,,(8.417+0j),,8.903,0.005,8.908,7.57
U,92,233,233.039634294,5/2(+),,159000.0,(10.1+0j),(±1.000000+0.000000j),12.8,0.1,12.9,574.7
U,92,234,234.040950296,0(+),0.005,,(12.4+0j),,19.3,,19.3,100.1
U,92,235,235.043928117,7/2(-),0.72,,(10.47+0j),(±1.300000+0.000000j),13.78,0.2,14.0,680.9
U,92,238,238.050786936,0(+),99.275,,(8.402+0j),,8.871,,8.871,2.68
Np,93,237,237.04817164,5/2(+),,2140000.0,(10.55+0j),,14.0,0.5,14.5,175.9
Pu,94,,,,,,,,,,,
Pu,94,238,238.049558175,0(+),,87.74,(14.1+0j),,25.0,,25.0,558.0
Pu,94,239,239.052161596,1/2(+),,2410000.0,(7.7+0j),(±1.300000+0.000000j),7.5,0.2,7.7,1017.3
Pu,94,240,240.05381174,0(+),,6560.0,(3.5+0j),,1.54,,1.54,289.6
Pu,94,242,242.058740979,0(+),,376000.0,(8.1+0j),,8.2,,8.2,18.5
Am,95,243,243.061379889,5/2(-),,7370.0,(8.3+0j),(±2.000000+0.000000j),8.7,0.3,9.0,75.3
Cm,96,,,,,,,,,,,
Cm,96,244,244.062750622,0(+),,18.1,(9.5+0j),,11.3,,11.3,16.2
Cm,96,246,246.067222016,0(+),,4700.0,(9.3+0j),,10.9,,10.9,1.36
Cm,96,248,248.072349086,0(+),,350000.0,(7.7+0j),,7.5,,7.5,3.0
